"Indicator","Estimate","LCL","UCL"
"Child: Any anaemia",0.480874336163424,0.410802270054614,0.550946402272234
"Pregnant: Any anaemia",0.366050261162031,0.238906648815694,0.493193873508367
"Non-pregnant: Any anaemia",0.296553507773016,0.226209877042754,0.366897138503278
